{
  "id": "2257746",
  "name": "OPiece UI",
  "font_family": "opIcon",
  "css_prefix_text": "opIcon-",
  "description": "OPiece UI 组件库图标",
  "glyphs": [
    {
      "icon_id": "11372667",
      "name": "话题符号",
      "font_class": "topic",
      "unicode": "e8b1",
      "unicode_decimal": 59569
    },
    {
      "icon_id": "17003194",
      "name": "菜单",
      "font_class": "menu",
      "unicode": "e630",
      "unicode_decimal": 58928
    },
    {
      "icon_id": "15838424",
      "name": "add",
      "font_class": "plus",
      "unicode": "e664",
      "unicode_decimal": 58980
    },
    {
      "icon_id": "15838429",
      "name": "arrow-down",
      "font_class": "arrow-down",
      "unicode": "e665",
      "unicode_decimal": 58981
    },
    {
      "icon_id": "15838431",
      "name": "arrow-right",
      "font_class": "arrow-left",
      "unicode": "e666",
      "unicode_decimal": 58982
    },
    {
      "icon_id": "15838444",
      "name": "close",
      "font_class": "close",
      "unicode": "e668",
      "unicode_decimal": 58984
    },
    {
      "icon_id": "15838514",
      "name": "minus",
      "font_class": "minus",
      "unicode": "e67a",
      "unicode_decimal": 59002
    },
    {
      "icon_id": "15838530",
      "name": "select",
      "font_class": "select",
      "unicode": "e67e",
      "unicode_decimal": 59006
    },
    {
      "icon_id": "18751683",
      "name": "arrow-right",
      "font_class": "arrow-right",
      "unicode": "e8c6",
      "unicode_decimal": 59590
    },
    {
      "icon_id": "18751645",
      "name": "arrow-down",
      "font_class": "arrow-up",
      "unicode": "e8c5",
      "unicode_decimal": 59589
    },
    {
      "icon_id": "11372639",
      "name": "爱心",
      "font_class": "like-o",
      "unicode": "e8ab",
      "unicode_decimal": 59563
    },
    {
      "icon_id": "11372648",
      "name": "成功",
      "font_class": "success-o",
      "unicode": "e8ad",
      "unicode_decimal": 59565
    },
    {
      "icon_id": "11372659",
      "name": "更多",
      "font_class": "more",
      "unicode": "e8af",
      "unicode_decimal": 59567
    },
    {
      "icon_id": "11372756",
      "name": "爱心",
      "font_class": "like",
      "unicode": "e8c3",
      "unicode_decimal": 59587
    },
    {
      "icon_id": "11372757",
      "name": "成功",
      "font_class": "success",
      "unicode": "e8c4",
      "unicode_decimal": 59588
    },
    {
      "icon_id": "11372666",
      "name": "分享",
      "font_class": "share",
      "unicode": "e8b0",
      "unicode_decimal": 59568
    },
    {
      "icon_id": "11372693",
      "name": "删除",
      "font_class": "delete",
      "unicode": "e8b6",
      "unicode_decimal": 59574
    }
  ]
}
