{
  "id": "2257746",
  "name": "OPiece UI",
  "font_family": "opIcon",
  "css_prefix_text": "opIcon-",
  "description": "OPiece UI 组件库图标",
  "glyphs": [
    {
      "icon_id": "11372720",
      "name": "想看",
      "font_class": "addfollow",
      "unicode": "e8ea",
      "unicode_decimal": 59626
    },
    {
      "icon_id": "11372721",
      "name": "相机",
      "font_class": "camera-o",
      "unicode": "e8eb",
      "unicode_decimal": 59627
    },
    {
      "icon_id": "11372722",
      "name": "消息",
      "font_class": "news",
      "unicode": "e8ec",
      "unicode_decimal": 59628
    },
    {
      "icon_id": "11372723",
      "name": "下载",
      "font_class": "upload",
      "unicode": "e8ed",
      "unicode_decimal": 59629
    },
    {
      "icon_id": "11372726",
      "name": "消息中心",
      "font_class": "notice",
      "unicode": "e8ee",
      "unicode_decimal": 59630
    },
    {
      "icon_id": "11372727",
      "name": "银行卡",
      "font_class": "card-o",
      "unicode": "e8ef",
      "unicode_decimal": 59631
    },
    {
      "icon_id": "11372728",
      "name": "眼睛",
      "font_class": "eye-o",
      "unicode": "e8f0",
      "unicode_decimal": 59632
    },
    {
      "icon_id": "11372730",
      "name": "已想看",
      "font_class": "followed",
      "unicode": "e8f1",
      "unicode_decimal": 59633
    },
    {
      "icon_id": "11372735",
      "name": "增加",
      "font_class": "plus-circle-o",
      "unicode": "e8f2",
      "unicode_decimal": 59634
    },
    {
      "icon_id": "11372736",
      "name": "语音",
      "font_class": "voice",
      "unicode": "e8f3",
      "unicode_decimal": 59635
    },
    {
      "icon_id": "11372737",
      "name": "优惠券",
      "font_class": "coupon-o",
      "unicode": "e8f4",
      "unicode_decimal": 59636
    },
    {
      "icon_id": "11372738",
      "name": "WIFI",
      "font_class": "wifi",
      "unicode": "e8f5",
      "unicode_decimal": 59637
    },
    {
      "icon_id": "11372742",
      "name": "指纹",
      "font_class": "fingerprint",
      "unicode": "e8f6",
      "unicode_decimal": 59638
    },
    {
      "icon_id": "11372758",
      "name": "点赞",
      "font_class": "like",
      "unicode": "e8f7",
      "unicode_decimal": 59639
    },
    {
      "icon_id": "11372759",
      "name": "电话",
      "font_class": "phone",
      "unicode": "e8f8",
      "unicode_decimal": 59640
    },
    {
      "icon_id": "11372760",
      "name": "帮助",
      "font_class": "help",
      "unicode": "e8f9",
      "unicode_decimal": 59641
    },
    {
      "icon_id": "11372761",
      "name": "电影票",
      "font_class": "movieticket",
      "unicode": "e8fa",
      "unicode_decimal": 59642
    },
    {
      "icon_id": "11372762",
      "name": "发现",
      "font_class": "find",
      "unicode": "e8fb",
      "unicode_decimal": 59643
    },
    {
      "icon_id": "11372763",
      "name": "定位",
      "font_class": "position",
      "unicode": "e8fc",
      "unicode_decimal": 59644
    },
    {
      "icon_id": "11372764",
      "name": "公告",
      "font_class": "volume",
      "unicode": "e8fd",
      "unicode_decimal": 59645
    },
    {
      "icon_id": "11372765",
      "name": "话题",
      "font_class": "topic",
      "unicode": "e8fe",
      "unicode_decimal": 59646
    },
    {
      "icon_id": "11372766",
      "name": "减少",
      "font_class": "minus-circle",
      "unicode": "e8ff",
      "unicode_decimal": 59647
    },
    {
      "icon_id": "11372767",
      "name": "会员",
      "font_class": "member",
      "unicode": "e900",
      "unicode_decimal": 59648
    },
    {
      "icon_id": "11372768",
      "name": "评论",
      "font_class": "comment",
      "unicode": "e901",
      "unicode_decimal": 59649
    },
    {
      "icon_id": "11372769",
      "name": "社区",
      "font_class": "community",
      "unicode": "e902",
      "unicode_decimal": 59650
    },
    {
      "icon_id": "11372770",
      "name": "失败",
      "font_class": "fail",
      "unicode": "e903",
      "unicode_decimal": 59651
    },
    {
      "icon_id": "11372771",
      "name": "时间",
      "font_class": "time",
      "unicode": "e904",
      "unicode_decimal": 59652
    },
    {
      "icon_id": "11372772",
      "name": "闪电",
      "font_class": "lightning",
      "unicode": "e905",
      "unicode_decimal": 59653
    },
    {
      "icon_id": "11372774",
      "name": "首页",
      "font_class": "home",
      "unicode": "e906",
      "unicode_decimal": 59654
    },
    {
      "icon_id": "11372775",
      "name": "手机",
      "font_class": "cellphone",
      "unicode": "e907",
      "unicode_decimal": 59655
    },
    {
      "icon_id": "11372776",
      "name": "叹号",
      "font_class": "exclamation",
      "unicode": "e908",
      "unicode_decimal": 59656
    },
    {
      "icon_id": "11372777",
      "name": "收藏",
      "font_class": "collect",
      "unicode": "e909",
      "unicode_decimal": 59657
    },
    {
      "icon_id": "11372778",
      "name": "数据",
      "font_class": "data",
      "unicode": "e90a",
      "unicode_decimal": 59658
    },
    {
      "icon_id": "11372779",
      "name": "问答",
      "font_class": "qa",
      "unicode": "e90b",
      "unicode_decimal": 59659
    },
    {
      "icon_id": "11372780",
      "name": "眼睛",
      "font_class": "eye",
      "unicode": "e90c",
      "unicode_decimal": 59660
    },
    {
      "icon_id": "11372782",
      "name": "相机",
      "font_class": "camera",
      "unicode": "e90d",
      "unicode_decimal": 59661
    },
    {
      "icon_id": "11372784",
      "name": "银行优惠",
      "font_class": "card",
      "unicode": "e90e",
      "unicode_decimal": 59662
    },
    {
      "icon_id": "11372787",
      "name": "增加",
      "font_class": "plus-circle",
      "unicode": "e90f",
      "unicode_decimal": 59663
    },
    {
      "icon_id": "11372788",
      "name": "电影",
      "font_class": "film",
      "unicode": "e910",
      "unicode_decimal": 59664
    },
    {
      "icon_id": "11372789",
      "name": "优惠券",
      "font_class": "coupon",
      "unicode": "e911",
      "unicode_decimal": 59665
    },
    {
      "icon_id": "11372790",
      "name": "热门",
      "font_class": "hot",
      "unicode": "e912",
      "unicode_decimal": 59666
    },
    {
      "icon_id": "11372791",
      "name": "创作",
      "font_class": "penceil",
      "unicode": "e913",
      "unicode_decimal": 59667
    },
    {
      "icon_id": "11372640",
      "name": "编辑",
      "font_class": "edit",
      "unicode": "e8ac",
      "unicode_decimal": 59564
    },
    {
      "icon_id": "11372643",
      "name": "安全",
      "font_class": "safety",
      "unicode": "e8ae",
      "unicode_decimal": 59566
    },
    {
      "icon_id": "11372644",
      "name": "帮助",
      "font_class": "help-o",
      "unicode": "e8b2",
      "unicode_decimal": 59570
    },
    {
      "icon_id": "11372645",
      "name": "不感兴趣",
      "font_class": "notinterested",
      "unicode": "e8b3",
      "unicode_decimal": 59571
    },
    {
      "icon_id": "11372646",
      "name": "播放记录",
      "font_class": "record",
      "unicode": "e8b4",
      "unicode_decimal": 59572
    },
    {
      "icon_id": "11372647",
      "name": "创作",
      "font_class": "penceil-o",
      "unicode": "e8b5",
      "unicode_decimal": 59573
    },
    {
      "icon_id": "11372650",
      "name": "电话",
      "font_class": "phone-o",
      "unicode": "e8b7",
      "unicode_decimal": 59575
    },
    {
      "icon_id": "11372651",
      "name": "点赞",
      "font_class": "like-o",
      "unicode": "e8b8",
      "unicode_decimal": 59576
    },
    {
      "icon_id": "11372652",
      "name": "定位",
      "font_class": "position-o",
      "unicode": "e8b9",
      "unicode_decimal": 59577
    },
    {
      "icon_id": "11372654",
      "name": "电影",
      "font_class": "film-o",
      "unicode": "e8ba",
      "unicode_decimal": 59578
    },
    {
      "icon_id": "11372655",
      "name": "地图",
      "font_class": "map",
      "unicode": "e8bb",
      "unicode_decimal": 59579
    },
    {
      "icon_id": "11372657",
      "name": "电影票",
      "font_class": "movieticket-o",
      "unicode": "e8bc",
      "unicode_decimal": 59580
    },
    {
      "icon_id": "11372658",
      "name": "订单",
      "font_class": "order",
      "unicode": "e8bd",
      "unicode_decimal": 59581
    },
    {
      "icon_id": "11372661",
      "name": "发现",
      "font_class": "find-o",
      "unicode": "e8be",
      "unicode_decimal": 59582
    },
    {
      "icon_id": "11372665",
      "name": "复制",
      "font_class": "copy",
      "unicode": "e8bf",
      "unicode_decimal": 59583
    },
    {
      "icon_id": "11372668",
      "name": "会员",
      "font_class": "member-o",
      "unicode": "e8c0",
      "unicode_decimal": 59584
    },
    {
      "icon_id": "11372671",
      "name": "减少",
      "font_class": "minus-circle-o",
      "unicode": "e8c1",
      "unicode_decimal": 59585
    },
    {
      "icon_id": "11372672",
      "name": "卡包",
      "font_class": "cardpackage",
      "unicode": "e8c2",
      "unicode_decimal": 59586
    },
    {
      "icon_id": "11372673",
      "name": "话题",
      "font_class": "topic-o",
      "unicode": "e8c7",
      "unicode_decimal": 59591
    },
    {
      "icon_id": "11372674",
      "name": "关注",
      "font_class": "attention",
      "unicode": "e8c8",
      "unicode_decimal": 59592
    },
    {
      "icon_id": "11372675",
      "name": "买一赠一",
      "font_class": "ticket",
      "unicode": "e8c9",
      "unicode_decimal": 59593
    },
    {
      "icon_id": "11372676",
      "name": "密码",
      "font_class": "password",
      "unicode": "e8ca",
      "unicode_decimal": 59594
    },
    {
      "icon_id": "11372677",
      "name": "男",
      "font_class": "men",
      "unicode": "e8cb",
      "unicode_decimal": 59595
    },
    {
      "icon_id": "11372678",
      "name": "女",
      "font_class": "women",
      "unicode": "e8cc",
      "unicode_decimal": 59596
    },
    {
      "icon_id": "11372679",
      "name": "礼盒",
      "font_class": "gift",
      "unicode": "e8cd",
      "unicode_decimal": 59597
    },
    {
      "icon_id": "11372680",
      "name": "排行榜",
      "font_class": "leaderboard",
      "unicode": "e8ce",
      "unicode_decimal": 59598
    },
    {
      "icon_id": "11372685",
      "name": "扫一扫",
      "font_class": "scan",
      "unicode": "e8cf",
      "unicode_decimal": 59599
    },
    {
      "icon_id": "11372686",
      "name": "日历",
      "font_class": "calendar",
      "unicode": "e8d0",
      "unicode_decimal": 59600
    },
    {
      "icon_id": "11372687",
      "name": "评论",
      "font_class": "comment-o",
      "unicode": "e8d1",
      "unicode_decimal": 59601
    },
    {
      "icon_id": "11372688",
      "name": "轻会员",
      "font_class": "vip",
      "unicode": "e8d2",
      "unicode_decimal": 59602
    },
    {
      "icon_id": "11372689",
      "name": "日签",
      "font_class": "daysign",
      "unicode": "e8d3",
      "unicode_decimal": 59603
    },
    {
      "icon_id": "11372690",
      "name": "闪电",
      "font_class": "lightning-o",
      "unicode": "e8d4",
      "unicode_decimal": 59604
    },
    {
      "icon_id": "11372691",
      "name": "筛选",
      "font_class": "filter",
      "unicode": "e8d5",
      "unicode_decimal": 59605
    },
    {
      "icon_id": "11372694",
      "name": "设置",
      "font_class": "setup",
      "unicode": "e8d6",
      "unicode_decimal": 59606
    },
    {
      "icon_id": "11372695",
      "name": "上传",
      "font_class": "download",
      "unicode": "e8d7",
      "unicode_decimal": 59607
    },
    {
      "icon_id": "11372696",
      "name": "社区",
      "font_class": "community-o",
      "unicode": "e8d8",
      "unicode_decimal": 59608
    },
    {
      "icon_id": "11372697",
      "name": "声音关闭",
      "font_class": "soundoff",
      "unicode": "e8d9",
      "unicode_decimal": 59609
    },
    {
      "icon_id": "11372698",
      "name": "失败",
      "font_class": "fail-o",
      "unicode": "e8da",
      "unicode_decimal": 59610
    },
    {
      "icon_id": "11372699",
      "name": "时间",
      "font_class": "time-o",
      "unicode": "e8db",
      "unicode_decimal": 59611
    },
    {
      "icon_id": "11372700",
      "name": "声音",
      "font_class": "sound",
      "unicode": "e8dc",
      "unicode_decimal": 59612
    },
    {
      "icon_id": "11372701",
      "name": "收藏",
      "font_class": "collect-o",
      "unicode": "e8dd",
      "unicode_decimal": 59613
    },
    {
      "icon_id": "11372702",
      "name": "手机",
      "font_class": "cellphone-o",
      "unicode": "e8de",
      "unicode_decimal": 59614
    },
    {
      "icon_id": "11372703",
      "name": "首页",
      "font_class": "home-o",
      "unicode": "e8df",
      "unicode_decimal": 59615
    },
    {
      "icon_id": "11372704",
      "name": "数据",
      "font_class": "data-o",
      "unicode": "e8e0",
      "unicode_decimal": 59616
    },
    {
      "icon_id": "11372705",
      "name": "刷新",
      "font_class": "refresh",
      "unicode": "e8e1",
      "unicode_decimal": 59617
    },
    {
      "icon_id": "11372706",
      "name": "搜索",
      "font_class": "search",
      "unicode": "e8e2",
      "unicode_decimal": 59618
    },
    {
      "icon_id": "11372707",
      "name": "叹号",
      "font_class": "exclamation-o",
      "unicode": "e8e3",
      "unicode_decimal": 59619
    },
    {
      "icon_id": "11372709",
      "name": "添加优惠券",
      "font_class": "addcoupon",
      "unicode": "e8e4",
      "unicode_decimal": 59620
    },
    {
      "icon_id": "11372710",
      "name": "提示",
      "font_class": "tips",
      "unicode": "e8e5",
      "unicode_decimal": 59621
    },
    {
      "icon_id": "11372711",
      "name": "图片",
      "font_class": "image",
      "unicode": "e8e6",
      "unicode_decimal": 59622
    },
    {
      "icon_id": "11372712",
      "name": "退票",
      "font_class": "money",
      "unicode": "e8e7",
      "unicode_decimal": 59623
    },
    {
      "icon_id": "11372713",
      "name": "未选中",
      "font_class": "circle",
      "unicode": "e8e8",
      "unicode_decimal": 59624
    },
    {
      "icon_id": "11372715",
      "name": "问卷",
      "font_class": "questionnaire",
      "unicode": "e8e9",
      "unicode_decimal": 59625
    },
    {
      "icon_id": "11372667",
      "name": "话题符号",
      "font_class": "hashtag",
      "unicode": "e8b1",
      "unicode_decimal": 59569
    },
    {
      "icon_id": "17003194",
      "name": "菜单",
      "font_class": "menu",
      "unicode": "e630",
      "unicode_decimal": 58928
    },
    {
      "icon_id": "15838424",
      "name": "add",
      "font_class": "plus",
      "unicode": "e664",
      "unicode_decimal": 58980
    },
    {
      "icon_id": "15838429",
      "name": "arrow-down",
      "font_class": "arrow-down",
      "unicode": "e665",
      "unicode_decimal": 58981
    },
    {
      "icon_id": "15838431",
      "name": "arrow-right",
      "font_class": "arrow-left",
      "unicode": "e666",
      "unicode_decimal": 58982
    },
    {
      "icon_id": "15838444",
      "name": "close",
      "font_class": "close",
      "unicode": "e668",
      "unicode_decimal": 58984
    },
    {
      "icon_id": "15838514",
      "name": "minus",
      "font_class": "minus",
      "unicode": "e67a",
      "unicode_decimal": 59002
    },
    {
      "icon_id": "15838530",
      "name": "select",
      "font_class": "select",
      "unicode": "e67e",
      "unicode_decimal": 59006
    },
    {
      "icon_id": "18751683",
      "name": "arrow-right",
      "font_class": "arrow-right",
      "unicode": "e8c6",
      "unicode_decimal": 59590
    },
    {
      "icon_id": "18751645",
      "name": "arrow-down",
      "font_class": "arrow-up",
      "unicode": "e8c5",
      "unicode_decimal": 59589
    },
    {
      "icon_id": "11372639",
      "name": "爱心",
      "font_class": "love-o",
      "unicode": "e8ab",
      "unicode_decimal": 59563
    },
    {
      "icon_id": "11372648",
      "name": "成功",
      "font_class": "success-o",
      "unicode": "e8ad",
      "unicode_decimal": 59565
    },
    {
      "icon_id": "11372659",
      "name": "更多",
      "font_class": "more",
      "unicode": "e8af",
      "unicode_decimal": 59567
    },
    {
      "icon_id": "11372756",
      "name": "爱心",
      "font_class": "love",
      "unicode": "e8c3",
      "unicode_decimal": 59587
    },
    {
      "icon_id": "11372757",
      "name": "成功",
      "font_class": "success",
      "unicode": "e8c4",
      "unicode_decimal": 59588
    },
    {
      "icon_id": "11372666",
      "name": "分享",
      "font_class": "share",
      "unicode": "e8b0",
      "unicode_decimal": 59568
    },
    {
      "icon_id": "11372693",
      "name": "删除",
      "font_class": "delete",
      "unicode": "e8b6",
      "unicode_decimal": 59574
    }
  ]
}
